Date;Price;Year;SMA_Emas;Error;Deviation Absolute;Square of Error;Percentage Error
01/01/2010;1083;2010;0;1083;1083;1172889;100
01/02/2010;1118.300049;2010;0;1118.300049;1118.300049;1250595;100
01/03/2010;1113.300049;2010;1104.866699;8.433349667;8.433349667;71.1213866;0.757509144
01/04/2010;1180.099976;2010;1137.233358;42.866618;42.866618;1837.546939;3.632456476
01/05/2010;1212.199951;2010;1168.533325;43.66662567;43.66662567;1906.774197;3.602262616
01/06/2010;1245.5;2010;1212.599976;32.90002433;32.90002433;1082.411601;2.641511388
01/07/2010;1181.699951;2010;1213.133301;-31.43334967;31.43334967;988.0554713;2.660011083
01/09/2010;1307.800049;2010;1245;62.800049;62.800049;3943.846154;4.801961053
01/10/2010;1357.099976;2010;1282.199992;74.899984;74.899984;5610.007603;5.519120575
01/11/2010;1385;2010;1349.966675;35.033325;35.033325;1227.333861;2.529481949
01/12/2010;1421.099976;2010;1387.733317;33.36665867;33.36665867;1113.333911;2.347945903
01/01/2011;1333.800049;2011;1379.966675;-46.166626;46.166626;2131.357356;3.461285373
01/02/2011;1409.300049;2011;1388.066691;21.23335767;21.23335767;450.8554778;1.506659826
01/03/2011;1438.900024;2011;1394.000041;44.89998333;44.89998333;2016.008503;3.120438014
01/04/2011;1556;2011;1468.066691;87.933309;87.933309;7732.266832;5.651240938
01/06/2011;1502.300049;2011;1499.066691;3.233358;3.233358;10.45460396;0.215227178
01/07/2011;1628.300049;2011;1562.200033;66.10001633;66.10001633;4369.212159;4.059449386
01/08/2011;1828.5;2011;1653.033366;175.466634;175.466634;30788.53965;9.596206399
01/09/2011;1620.400024;2011;1692.400024;-72.00000033;72.00000033;5184.000048;4.443347276
01/10/2011;1724.199951;2011;1724.366658;-0.166707333;0.166707333;0.027791335;0.009668678
01/11/2011;1745.5;2011;1696.699992;48.80000833;48.80000833;2381.440813;2.795761004
01/12/2011;1565.800049;2011;1678.5;-112.699951;112.699951;12701.27896;7.197595317
01/02/2012;1709.900024;2012;1673.733358;36.16666633;36.16666633;1308.027754;2.115133389
01/03/2012;1669.300049;2012;1648.333374;20.966675;20.966675;439.6014606;1.256015958
01/05/2012;1562.599976;2012;1647.266683;-84.666707;84.666707;7168.451274;5.418322559
01/06/2012;1603.5;2012;1611.800008;-8.300008333;8.300008333;68.89013833;0.517618231
01/08/2012;1684.599976;2012;1616.899984;67.699992;67.699992;4583.288917;4.018757745
01/09/2012;1771.099976;2012;1686.399984;84.699992;84.699992;7174.088645;4.782338273
01/10/2012;1717.5;2012;1724.399984;-6.899984;6.899984;47.6097792;0.401745793
01/11/2012;1710.900024;2012;1733.166667;-22.26664267;22.26664267;495.8033756;1.30145785
01/12/2012;1674.800049;2012;1701.066691;-26.266642;26.266642;689.936482;1.568344951
01/01/2013;1660.599976;2013;1682.100016;-21.50004033;21.50004033;462.2517343;1.294715202
01/02/2013;1577.699951;2013;1637.699992;-60.000041;60.000041;3600.00492;3.80300709
01/03/2013;1594.800049;2013;1611.033325;-16.23327633;16.23327633;263.5192605;1.017887875
01/04/2013;1472.199951;2013;1548.233317;-76.033366;76.033366;5781.072745;5.164608649
01/05/2013;1392.599976;2013;1486.533325;-93.93334933;93.93334933;8823.474117;6.745178153
01/06/2013;1223.800049;2013;1362.866659;-139.0666097;139.0666097;19339.52192;11.36350744
01/07/2013;1312.400024;2013;1309.600016;2.800007667;2.800007667;7.840042933;0.213350169
01/08/2013;1396.099976;2013;1310.766683;85.333293;85.333293;7281.770894;6.112262336
01/10/2013;1323.599976;2013;1344.033325;-20.43334933;20.43334933;417.521765;1.543770754
01/11/2013;1250.599976;2013;1323.433309;-72.83333333;72.83333333;5304.694444;5.82387132
01/01/2014;1240.099976;2014;1271.433309;-31.33333333;31.33333333;981.7777778;2.526678005
01/02/2014;1321.400024;2014;1270.699992;50.700032;50.700032;2570.493245;3.836842067
01/03/2014;1283.400024;2014;1281.633341;1.766682667;1.766682667;3.121167645;0.137656431
01/04/2014;1295.599976;2014;1300.133341;-4.533365333;4.533365333;20.55140125;0.34990471
01/05/2014;1245.599976;2014;1274.866659;-29.26668267;29.26668267;856.5387143;2.349605269
01/07/2014;1281.300049;2014;1274.166667;7.133382;7.133382;50.88513876;0.556730019
01/08/2014;1285.800049;2014;1270.900025;14.90002433;14.90002433;222.0107251;1.158813483
01/09/2014;1210.5;2014;1259.200033;-48.70003267;48.70003267;2371.693182;4.023133636
01/10/2014;1171.099976;2014;1222.466675;-51.366699;51.366699;2638.537766;4.386192473
01/11/2014;1175.199951;2014;1185.599976;-10.40002467;10.40002467;108.1605131;0.884957888
01/12/2014;1183.900024;2014;1176.733317;7.166707;7.166707;51.36168922;0.605347314
01/01/2015;1278.5;2015;1212.533325;65.966675;65.966675;4351.602211;5.159693
01/04/2015;1182.400024;2015;1214.933349;-32.53332533;32.53332533;1058.417257;2.751465213
01/05/2015;1189.400024;2015;1216.766683;-27.36665867;27.36665867;748.9340066;2.300879276
01/06/2015;1171.5;2015;1181.100016;-9.600016;9.600016;92.1603072;0.819463594
01/07/2015;1094.900024;2015;1151.933349;-57.03332533;57.03332533;3252.800199;5.208998455
01/08/2015;1131.599976;2015;1132.666667;-1.066690667;1.066690667;1.137828978;0.094263935
01/09/2015;1115.5;2015;1114;1.5;1.5;2.25;0.134468848
01/10/2015;1141.5;2015;1129.533325;11.96667467;11.96667467;143.2013026;1.048328924
01/12/2015;1060.300049;2015;1105.766683;-45.466634;45.466634;2067.214807;4.288091285
01/01/2016;1116.400024;2016;1106.066691;10.333333;10.333333;106.7777709;0.925594122
01/02/2016;1233.900024;2016;1136.866699;97.033325;97.033325;9415.466161;7.863953571
01/03/2016;1234.199951;2016;1194.833333;39.366618;39.366618;1549.730613;3.189646699
01/04/2016;1289.199951;2016;1252.433309;36.76664233;36.76664233;1351.785988;2.851896039
01/06/2016;1318.400024;2016;1280.599975;37.80004867;37.80004867;1428.843679;2.86711529
01/07/2016;1349;2016;1318.866658;30.13334167;30.13334167;908.01828;2.233754015
01/08/2016;1306.900024;2016;1324.766683;-17.86665867;17.86665867;319.2174919;1.367102176
01/09/2016;1313.300049;2016;1323.066691;-9.766642;9.766642;95.38729596;0.743671791
01/10/2016;1271.5;2016;1297.233358;-25.73335767;25.73335767;662.2056968;2.023858251
01/11/2016;1170.800049;2016;1251.866699;-81.06665033;81.06665033;6571.801796;6.924038857
01/12/2016;1150;2016;1197.43335;-47.43334967;47.43334967;2249.922661;4.124639101
01/02/2017;1252.599976;2017;1191.133342;61.46663433;61.46663433;3778.147136;4.907124023
01/03/2017;1247.300049;2017;1216.633342;30.66670733;30.66670733;940.4469387;2.458647168
01/04/2017;1266.099976;2017;1255.333334;10.76664233;10.76664233;115.9205871;0.850378528
01/05/2017;1272;2017;1261.800008;10.19999167;10.19999167;104.03983;0.801886137
01/06/2017;1240.699951;2017;1259.599976;-18.90002467;18.90002467;357.2109324;1.52333565
01/07/2017;1266.599976;2017;1259.766642;6.833333667;6.833333667;46.694449;0.539502116
01/08/2017;1316.199951;2017;1274.499959;41.69999167;41.69999167;1738.889305;3.168211003
01/09/2017;1281.5;2017;1288.099976;-6.599975667;6.599975667;43.5596788;0.51501956
01/11/2017;1273.199951;2017;1290.299967;-17.10001633;17.10001633;292.4105586;1.343073908
01/12/2017;1306.300049;2017;1287;19.300049;19.300049;372.4918914;1.477459104
01/01/2018;1339;2018;1306.166667;32.83333333;32.83333333;1078.027778;2.452078666
01/02/2018;1315.5;2018;1320.266683;-4.766683;4.766683;22.72126682;0.362347624
01/03/2018;1322.800049;2018;1325.766683;-2.966634;2.966634;8.80091729;0.224269269
01/05/2018;1300.099976;2018;1312.800008;-12.70003233;12.70003233;161.2908213;0.97685044
01/06/2018;1251.300049;2018;1291.400025;-40.09997567;40.09997567;1608.008048;3.204665076
01/08/2018;1200.300049;2018;1250.566691;-50.26664233;50.26664233;2526.735331;4.18783973
01/09/2018;1191.5;2018;1214.366699;-22.86669933;22.86669933;522.8859384;1.919152273
01/10/2018;1212.300049;2018;1201.366699;10.93334967;10.93334967;119.5381349;0.901868285
01/11/2018;1220.199951;2018;1208;12.199951;12.199951;148.8388044;0.999832117
01/12/2018;1278.300049;2018;1236.93335;41.36669933;41.36669933;1711.203814;3.236071169
01/01/2019;1319.699951;2019;1272.733317;46.966634;46.966634;2205.864709;3.558887303
01/02/2019;1312.800049;2019;1303.600016;9.200032667;9.200032667;84.64060107;0.700794662
01/03/2019;1293;2019;1308.5;-15.5;15.5;240.25;1.198762568
01/04/2019;1282.800049;2019;1296.200033;-13.39998367;13.39998367;179.5595623;1.044588646
01/05/2019;1305.800049;2019;1293.866699;11.93334967;11.93334967;142.4048343;0.913872662
01/06/2019;1409.699951;2019;1332.766683;76.933268;76.933268;5918.727725;5.457421485
01/07/2019;1426.099976;2019;1380.533325;45.56665067;45.56665067;2076.319653;3.195193285
01/08/2019;1519.099976;2019;1451.633301;67.466675;67.466675;4551.752236;4.441226783
01/10/2019;1511.400024;2019;1485.533325;25.86669867;25.86669867;669.0860999;1.711439609
01/11/2019;1465.599976;2019;1498.699992;-33.100016;33.100016;1095.611059;2.258461827
01/01/2020;1582.900024;2020;1519.966675;62.93334933;62.93334933;3960.606458;3.975825913
01/02/2020;1564.099976;2020;1537.533325;26.56665067;26.56665067;705.7869276;1.698526378
01/04/2020;1684.199951;2020;1610.399984;73.79996733;73.79996733;5446.435178;4.381900575
01/05/2020;1736.900024;2020;1661.733317;75.166707;75.166707;5650.033841;4.327635786
01/06/2020;1793;2020;1738.033325;54.966675;54.966675;3021.335361;3.065626046
01/07/2020;1962.800049;2020;1830.900024;131.9000247;131.9000247;17397.61651;6.719992937
01/08/2020;1967.599976;2020;1907.800008;59.79996767;59.79996767;3576.036133;3.039234011
01/09/2020;1887.5;2020;1939.300008;-51.80000833;51.80000833;2683.240863;2.744371302
01/10/2020;1877.400024;2020;1910.833333;-33.43330933;33.43330933;1117.786173;1.780830345
01/12/2020;1893.099976;2020;1886;7.099976;7.099976;50.4096592;0.375044957
01/01/2021;1847.300049;2021;1872.600016;-25.29996733;25.29996733;640.0883471;1.36956459
01/02/2021;1728.099976;2021;1822.833334;-94.73335767;94.73335767;8974.409055;5.481937329
01/03/2021;1713.800049;2021;1763.066691;-49.26664233;49.26664233;2427.202047;2.874701886
01/04/2021;1767.300049;2021;1736.400025;30.90002433;30.90002433;954.8115038;1.748431137
01/05/2021;1902.5;2021;1794.533366;107.966634;107.966634;11656.79406;5.674987332
01/06/2021;1770.800049;2021;1813.533366;-42.733317;42.733317;1826.136382;2.413220907
01/07/2021;1812.599976;2021;1828.633342;-16.03336567;16.03336567;257.0688146;0.884550694
01/09/2021;1755.300049;2021;1779.566691;-24.26664233;24.26664233;588.8699301;1.382478303
01/10/2021;1783;2021;1783.633342;-0.633341667;0.633341667;0.401121667;0.035521125
01/11/2021;1773.599976;2021;1770.633342;2.966634333;2.966634333;8.800919268;0.167266259
01/12/2021;1827.5;2021;1794.699992;32.800008;32.800008;1075.840525;1.794802079
01/01/2022;1795;2022;1798.699992;-3.699992;3.699992;13.6899408;0.206127688
01/02/2022;1899.400024;2022;1840.633341;58.76668267;58.76668267;3453.522992;3.093960299
01/03/2022;1949.199951;2022;1881.199992;67.99995933;67.99995933;4623.994469;3.488608713
01/04/2022;1909.300049;2022;1919.300008;-9.999959;9.999959;99.99918;0.52375
01/06/2022;1804.099976;2022;1887.533325;-83.43334933;83.43334933;6961.123781;4.624652206
01/07/2022;1762.900024;2022;1825.43335;-62.53332567;62.53332567;3910.416819;3.547185026
01/08/2022;1712.800049;2022;1759.93335;-47.13330067;47.13330067;2221.548032;2.751827377
01/09/2022;1662.400024;2022;1712.700032;-50.30000833;50.30000833;2530.090838;3.025746367
01/10/2022;1635.900024;2022;1670.366699;-34.466675;34.466675;1187.951686;2.106893728
01/11/2022;1746;2022;1681.433349;64.56665067;64.56665067;4168.852378;3.69797541
01/12/2022;1819.699951;2022;1733.866658;85.83329267;85.83329267;7367.35413;4.716892618
01/02/2023;1828.900024;2023;1798.199992;30.70003233;30.70003233;942.4919853;1.678606372
01/03/2023;1969;2023;1872.533325;96.466675;96.466675;9305.819386;4.899272473
01/04/2023;1990.099976;2023;1929.333333;60.76664267;60.76664267;3692.584861;3.053446731
01/05/2023;1963.900024;2023;1974.333333;-10.43330933;10.43330933;108.8539436;0.531254606
01/06/2023;1921.099976;2023;1958.366659;-37.26668267;37.26668267;1388.805637;1.939861701
01/07/2023;1970.5;2023;1951.833333;18.66666667;18.66666667;348.4444444;0.947306098
01/08/2023;1938.199951;2023;1943.266642;-5.066691333;5.066691333;25.67136107;0.26141221
01/09/2023;1848.099976;2023;1918.933309;-70.833333;70.833333;5017.361064;3.832765214
01/11/2023;2038.099976;2023;1941.466634;96.63334167;96.63334167;9338.002722;4.741344527
01/12/2023;2062.399902;2023;1982.866618;79.533284;79.533284;6325.543264;3.856346382
01/01/2024;2048.399902;2024;2049.63326;-1.233358;1.233358;1.521171956;0.060210802
01/02/2024;2045.699951;2024;2052.166585;-6.466634;6.466634;41.81735529;0.316108626
01/03/2024;2217.399902;2024;2103.833252;113.5666503;113.5666503;12897.38407;5.121613392
01/04/2024;2291.399902;2024;2184.833252;106.5666503;106.5666503;11356.45096;4.650722479
01/05/2024;2322.899902;2024;2277.233235;45.66666667;45.66666667;2085.444444;1.965933471
01/06/2024;2327.699951;2024;2313.999918;13.70003267;13.70003267;187.6908951;0.588565234
01/07/2024;2426.5;2024;2359.033284;67.46671567;67.46671567;4551.757723;2.780412762
01/08/2024;2493.800049;2024;2416;77.800049;77.800049;6052.847624;3.119738851
01/10/2024;2738.300049;2024;2552.866699;185.4333497;185.4333497;34385.52717;6.771841885
01/11/2024;2657;2024;2629.700033;27.29996733;27.29996733;745.2882164;1.027473366
01/01/2025;2659.699951;2025;2685;-25.300049;25.300049;640.0924794;0.951236962
