Year;Actual_Price;Weight;Forecast_Price;Error_Deviation;Absolute_Square_Error;Percentage_Error;Data_Type;;
2010;1083;;;;;;Historical;;
2010;1118.3;;;;;;Historical;;
2010;1113.3;[0.5        0.33333333 0.16666667];1099.82;-13.48;181.8;1.21;Historical;;
2010;1180.1;[0.5        0.33333333 0.16666667];1126.93;-53.17;2826.69;4.51;Historical;;
2010;1212.2;[0.5        0.33333333 0.16666667];1152.05;-60.15;3618.02;4.96;Historical;;
2010;1245.5;[0.5        0.33333333 0.16666667];1201.7;-43.8;1918.44;3.52;Historical;;
2010;1181.7;[0.5        0.33333333 0.16666667];1218.22;36.52;1333.47;3.09;Historical;;
2010;1307.8;[0.5        0.33333333 0.16666667];1234.62;-73.18;5355.81;5.6;Historical;;
2010;1357.1;[0.5        0.33333333 0.16666667];1252.97;-104.13;10843.75;7.67;Historical;;Summary Metrics:
2010;1385;[0.5        0.33333333 0.16666667];1337.1;-47.9;2294.41;3.46;Historical;;Mean Absolute Error (MAE): 55.46
2010;1421.1;[0.5        0.33333333 0.16666667];1377.07;-44.03;1938.93;3.1;Historical;;Mean Squared Error (MSE): 5043.10
2011;1333.8;[0.5        0.33333333 0.16666667];1388.5;54.7;2992.08;4.1;Historical;;Mean Absolute Percentage Error (MAPE): 3.54%
2011;1409.3;[0.5        0.33333333 0.16666667];1390.03;-19.27;371.21;1.37;Historical;;
2011;1438.9;[0.5        0.33333333 0.16666667];1376.48;-62.42;3895.84;4.34;Historical;;
2011;1556;[0.5        0.33333333 0.16666667];1443.62;-112.38;12630.01;7.22;Historical;;
2011;1502.3;[0.5        0.33333333 0.16666667];1488.5;-13.8;190.44;0.92;Historical;;
2011;1628.3;[0.5        0.33333333 0.16666667];1550.15;-78.15;6107.43;4.8;Historical;;
2011;1828.5;[0.5        0.33333333 0.16666667];1598.67;-229.83;52823.34;12.57;Historical;;
2011;1620.4;[0.5        0.33333333 0.16666667];1693.72;73.32;5375.33;4.52;Historical;;
2011;1724.2;[0.5        0.33333333 0.16666667];1741.75;17.55;308;1.02;Historical;;
2011;1745.5;[0.5        0.33333333 0.16666667];1675.85;-69.65;4851.12;3.99;Historical;;
2011;1565.8;[0.5        0.33333333 0.16666667];1704.9;139.1;19348.79;8.88;Historical;;
2012;1709.9;[0.5        0.33333333 0.16666667];1679.67;-30.23;914.05;1.77;Historical;;
2012;1669.3;[0.5        0.33333333 0.16666667];1631.08;-38.22;1460.51;2.29;Historical;;
2012;1562.6;[0.5        0.33333333 0.16666667];1671.82;109.22;11928.29;6.99;Historical;;
2012;1603.5;[0.5        0.33333333 0.16666667];1622.77;19.27;371.21;1.2;Historical;;
2012;1684.6;[0.5        0.33333333 0.16666667];1596.57;-88.03;7749.87;5.23;Historical;;
2012;1771.1;[0.5        0.33333333 0.16666667];1658.47;-112.63;12686.27;6.36;Historical;;
2012;1717.5;[0.5        0.33333333 0.16666667];1718.92;1.42;2.01;0.08;Historical;;
2012;1710.9;[0.5        0.33333333 0.16666667];1743.2;32.3;1043.29;1.89;Historical;;
2012;1674.8;[0.5        0.33333333 0.16666667];1708.18;33.38;1114.44;1.99;Historical;;
2013;1660.6;[0.5        0.33333333 0.16666667];1690.48;29.88;893.02;1.8;Historical;;
2013;1577.7;[0.5        0.33333333 0.16666667];1653.88;76.18;5803.91;4.83;Historical;;
2013;1594.8;[0.5        0.33333333 0.16666667];1622;27.2;739.84;1.71;Historical;;
2013;1472.2;[0.5        0.33333333 0.16666667];1565.82;93.62;8764.09;6.36;Historical;;
2013;1392.6;[0.5        0.33333333 0.16666667];1520.23;127.63;16290.27;9.17;Historical;;
2013;1223.8;[0.5        0.33333333 0.16666667];1404.27;180.47;32568.19;14.75;Historical;;
2013;1312.4;[0.5        0.33333333 0.16666667];1322.97;10.57;111.65;0.81;Historical;;
2013;1396.1;[0.5        0.33333333 0.16666667];1282.05;-114.05;13007.39;8.17;Historical;;
2013;1323.6;[0.5        0.33333333 0.16666667];1342.17;18.57;344.72;1.4;Historical;;
2013;1250.6;[0.5        0.33333333 0.16666667];1347.68;97.08;9425.17;7.76;Historical;;
2014;1240.1;[0.5        0.33333333 0.16666667];1285.35;45.25;2047.56;3.65;Historical;;
2014;1321.4;[0.5        0.33333333 0.16666667];1258.9;-62.5;3906.26;4.73;Historical;;
2014;1283.4;[0.5        0.33333333 0.16666667];1274.42;-8.98;80.7;0.7;Historical;;
2014;1295.6;[0.5        0.33333333 0.16666667];1304.43;8.83;78.03;0.68;Historical;;
2014;1245.6;[0.5        0.33333333 0.16666667];1281.17;35.57;1264.99;2.86;Historical;;
2014;1281.3;[0.5        0.33333333 0.16666667];1276.55;-4.75;22.56;0.37;Historical;;
2014;1285.8;[0.5        0.33333333 0.16666667];1264.2;-21.6;466.56;1.68;Historical;;
2014;1210.5;[0.5        0.33333333 0.16666667];1271;60.5;3660.25;5;Historical;;
2014;1171.1;[0.5        0.33333333 0.16666667];1241.58;70.48;4967.91;6.02;Historical;;
2014;1175.2;[0.5        0.33333333 0.16666667];1191.48;16.28;265.15;1.39;Historical;;
2014;1183.9;[0.5        0.33333333 0.16666667];1174.6;-9.3;86.49;0.79;Historical;;
2015;1278.5;[0.5        0.33333333 0.16666667];1195.32;-83.18;6919.47;6.51;Historical;;
2015;1182.4;[0.5        0.33333333 0.16666667];1215.18;32.78;1074.75;2.77;Historical;;
2015;1189.4;[0.5        0.33333333 0.16666667];1231.62;42.22;1782.25;3.55;Historical;;
2015;1171.5;[0.5        0.33333333 0.16666667];1182.92;11.42;130.34;0.97;Historical;;
2015;1094.9;[0.5        0.33333333 0.16666667];1167.68;72.78;5297.41;6.65;Historical;;
2015;1131.6;[0.5        0.33333333 0.16666667];1139.32;7.72;59.55;0.68;Historical;;
2015;1115.5;[0.5        0.33333333 0.16666667];1110.57;-4.93;24.34;0.44;Historical;;
2015;1141.5;[0.5        0.33333333 0.16666667];1127.88;-13.62;185.41;1.19;Historical;;
2015;1060.3;[0.5        0.33333333 0.16666667];1114.97;54.67;2988.44;5.16;Historical;;
2016;1116.4;[0.5        0.33333333 0.16666667];1110.25;-6.15;37.82;0.55;Historical;;
2016;1233.9;[0.5        0.33333333 0.16666667];1107.93;-125.97;15867.6;10.21;Historical;;
2016;1234.2;[0.5        0.33333333 0.16666667];1175.2;-59;3480.99;4.78;Historical;;
2016;1289.2;[0.5        0.33333333 0.16666667];1243.22;-45.98;2114.46;3.57;Historical;;
2016;1318.4;[0.5        0.33333333 0.16666667];1266.57;-51.83;2686.7;3.93;Historical;;
2016;1349;[0.5        0.33333333 0.16666667];1308.9;-40.1;1608.01;2.97;Historical;;
2016;1306.9;[0.5        0.33333333 0.16666667];1326.68;19.78;391.38;1.51;Historical;;
2016;1313.3;[0.5        0.33333333 0.16666667];1329.02;15.72;247.01;1.2;Historical;;
2016;1271.5;[0.5        0.33333333 0.16666667];1303.13;31.63;1000.67;2.49;Historical;;
2016;1170.8;[0.5        0.33333333 0.16666667];1275.62;104.82;10986.53;8.95;Historical;;
2016;1150;[0.5        0.33333333 0.16666667];1217.68;67.68;4581.04;5.89;Historical;;
2017;1252.6;[0.5        0.33333333 0.16666667];1177.5;-75.1;5640;6;Historical;;
2017;1247.3;[0.5        0.33333333 0.16666667];1200.42;-46.88;2198.05;3.76;Historical;;
2017;1266.1;[0.5        0.33333333 0.16666667];1253.08;-13.02;169.43;1.03;Historical;;
2017;1272;[0.5        0.33333333 0.16666667];1257.68;-14.32;204.97;1.13;Historical;;
2017;1240.7;[0.5        0.33333333 0.16666667];1263.83;23.13;535.15;1.86;Historical;;
2017;1266.6;[0.5        0.33333333 0.16666667];1260.67;-5.93;35.2;0.47;Historical;;
2017;1316.2;[0.5        0.33333333 0.16666667];1261.92;-54.28;2946.68;4.12;Historical;;
2017;1281.5;[0.5        0.33333333 0.16666667];1285.62;4.12;16.95;0.32;Historical;;
2017;1273.2;[0.5        0.33333333 0.16666667];1297.47;24.27;588.87;1.91;Historical;;
2017;1306.3;[0.5        0.33333333 0.16666667];1282.87;-23.43;549.12;1.79;Historical;;
2018;1339;[0.5        0.33333333 0.16666667];1295.2;-43.8;1918.44;3.27;Historical;;
2018;1315.5;[0.5        0.33333333 0.16666667];1318.73;3.23;10.45;0.25;Historical;;
2018;1322.8;[0.5        0.33333333 0.16666667];1328.47;5.67;32.11;0.43;Historical;;
2018;1300.1;[0.5        0.33333333 0.16666667];1315.37;15.27;233.07;1.17;Historical;;
2018;1251.3;[0.5        0.33333333 0.16666667];1303.32;52.02;2705.73;4.16;Historical;;
2018;1200.3;[0.5        0.33333333 0.16666667];1267.2;66.9;4475.61;5.57;Historical;;
2018;1191.5;[0.5        0.33333333 0.16666667];1224.33;32.83;1078.03;2.76;Historical;;
2018;1212.3;[0.5        0.33333333 0.16666667];1199.37;-12.93;167.27;1.07;Historical;;
2018;1220.2;[0.5        0.33333333 0.16666667];1203.22;-16.98;288.43;1.39;Historical;;
2018;1278.3;[0.5        0.33333333 0.16666667];1225.93;-52.37;2742.27;4.1;Historical;;
2019;1319.7;[0.5        0.33333333 0.16666667];1256.15;-63.55;4038.6;4.82;Historical;;
2019;1312.8;[0.5        0.33333333 0.16666667];1297.85;-14.95;223.5;1.14;Historical;;
2019;1293;[0.5        0.33333333 0.16666667];1312.95;19.95;398;1.54;Historical;;
2019;1282.8;[0.5        0.33333333 0.16666667];1301.2;18.4;338.56;1.43;Historical;;
2019;1305.8;[0.5        0.33333333 0.16666667];1291.73;-14.07;197.87;1.08;Historical;;
2019;1409.7;[0.5        0.33333333 0.16666667];1311.62;-98.08;9620.32;6.96;Historical;;
2019;1426.1;[0.5        0.33333333 0.16666667];1360.48;-65.62;4305.54;4.6;Historical;;
2019;1519.1;[0.5        0.33333333 0.16666667];1433.4;-85.7;7344.49;5.64;Historical;;
2019;1511.4;[0.5        0.33333333 0.16666667];1471.32;-40.08;1606.68;2.65;Historical;;
2019;1465.6;[0.5        0.33333333 0.16666667];1507.62;42.02;1765.4;2.87;Historical;;
2020;1582.9;[0.5        0.33333333 0.16666667];1508.05;-74.85;5602.52;4.73;Historical;;
2020;1564.1;[0.5        0.33333333 0.16666667];1521.12;-42.98;1847.57;2.75;Historical;;
2020;1684.2;[0.5        0.33333333 0.16666667];1593.52;-90.68;8223.46;5.38;Historical;;
2020;1736.9;[0.5        0.33333333 0.16666667];1632.93;-103.97;10809.08;5.99;Historical;;
2020;1793;[0.5        0.33333333 0.16666667];1719.9;-73.1;5343.61;4.08;Historical;;
2020;1962.8;[0.5        0.33333333 0.16666667];1793.25;-169.55;28747.21;8.64;Historical;;
2020;1967.6;[0.5        0.33333333 0.16666667];1878.7;-88.9;7903.2;4.52;Historical;;
2020;1887.5;[0.5        0.33333333 0.16666667];1951.85;64.35;4140.92;3.41;Historical;;
2020;1877.4;[0.5        0.33333333 0.16666667];1925.87;48.47;2349.01;2.58;Historical;;
2020;1893.1;[0.5        0.33333333 0.16666667];1885.07;-8.03;64.53;0.42;Historical;;
2021;1847.3;[0.5        0.33333333 0.16666667];1877.62;30.32;919.1;1.64;Historical;;
2021;1728.1;[0.5        0.33333333 0.16666667];1850.33;122.23;14940.99;7.07;Historical;;
2021;1713.8;[0.5        0.33333333 0.16666667];1785.32;71.52;5114.63;4.17;Historical;;
2021;1767.3;[0.5        0.33333333 0.16666667];1729.87;-37.43;1401.26;2.12;Historical;;
2021;1902.5;[0.5        0.33333333 0.16666667];1763.08;-139.42;19437;7.33;Historical;;
2021;1770.8;[0.5        0.33333333 0.16666667];1812.95;42.15;1776.62;2.38;Historical;;
2021;1812.6;[0.5        0.33333333 0.16666667];1843.62;31.02;962.04;1.71;Historical;;
2021;1755.3;[0.5        0.33333333 0.16666667];1782.15;26.85;720.92;1.53;Historical;;
2021;1783;[0.5        0.33333333 0.16666667];1788.57;5.57;30.99;0.31;Historical;;
2021;1773.6;[0.5        0.33333333 0.16666667];1767.58;-6.02;36.2;0.34;Historical;;
2021;1827.5;[0.5        0.33333333 0.16666667];1787.28;-40.22;1617.38;2.2;Historical;;
2022;1795;[0.5        0.33333333 0.16666667];1795.13;0.13;0.02;0.01;Historical;;
2022;1899.4;[0.5        0.33333333 0.16666667];1828.65;-70.75;5005.57;3.72;Historical;;
2022;1949.2;[0.5        0.33333333 0.16666667];1855.5;-93.7;8779.68;4.81;Historical;;
2022;1909.3;[0.5        0.33333333 0.16666667];1917.65;8.35;69.72;0.44;Historical;;
2022;1804.1;[0.5        0.33333333 0.16666667];1911.72;107.62;11581.35;5.97;Historical;;
2022;1762.9;[0.5        0.33333333 0.16666667];1849.83;86.93;7557.4;4.93;Historical;;
2022;1712.8;[0.5        0.33333333 0.16666667];1775.15;62.35;3887.52;3.64;Historical;;
2022;1662.4;[0.5        0.33333333 0.16666667];1729.45;67.05;4495.7;4.03;Historical;;
2022;1635.9;[0.5        0.33333333 0.16666667];1683.18;47.28;2235.71;2.89;Historical;;
2022;1746;[0.5        0.33333333 0.16666667];1667.5;-78.5;6162.25;4.5;Historical;;
2022;1819.7;[0.5        0.33333333 0.16666667];1703.23;-116.47;13564.47;6.4;Historical;;
2023;1828.9;[0.5        0.33333333 0.16666667];1784.38;-44.52;1981.74;2.43;Historical;;
2023;1969;[0.5        0.33333333 0.16666667];1847.65;-121.35;14725.83;6.16;Historical;;
2023;1990.1;[0.5        0.33333333 0.16666667];1902.47;-87.63;7679.6;4.4;Historical;;
2023;1963.9;[0.5        0.33333333 0.16666667];1975.18;11.28;127.31;0.57;Historical;;
2023;1921.1;[0.5        0.33333333 0.16666667];1969.87;48.77;2378.19;2.54;Historical;;
2023;1970.5;[0.5        0.33333333 0.16666667];1950.73;-19.77;390.72;1;Historical;;
2023;1938.2;[0.5        0.33333333 0.16666667];1940.42;2.22;4.91;0.11;Historical;;
2023;1848.1;[0.5        0.33333333 0.16666667];1939.33;91.23;8323.52;4.94;Historical;;
2023;2038.1;[0.5        0.33333333 0.16666667];1924.82;-113.28;12833.12;5.56;Historical;;
2023;2062.4;[0.5        0.33333333 0.16666667];1947.15;-115.25;13282.55;5.59;Historical;;
2024;2048.4;[0.5        0.33333333 0.16666667];2047.92;-0.48;0.23;0.02;Historical;;
2024;2045.7;[0.5        0.33333333 0.16666667];2054.95;9.25;85.56;0.45;Historical;;
2024;2217.4;[0.5        0.33333333 0.16666667];2075.67;-141.73;20088.33;6.39;Historical;;
2024;2291.4;[0.5        0.33333333 0.16666667];2143.88;-147.52;21761.16;6.44;Historical;;
2024;2322.9;[0.5        0.33333333 0.16666667];2259.65;-63.25;4000.56;2.72;Historical;;
2024;2327.7;[0.5        0.33333333 0.16666667];2307.95;-19.75;390.06;0.85;Historical;;
2024;2426.5;[0.5        0.33333333 0.16666667];2341.77;-84.73;7179.75;3.49;Historical;;
2024;2493.8;[0.5        0.33333333 0.16666667];2388.32;-105.48;11126.75;4.23;Historical;;
2024;2738.3;[0.5        0.33333333 0.16666667];2500.9;-237.4;56358.77;8.67;Historical;;
2024;2657;[0.5        0.33333333 0.16666667];2602.5;-54.5;2970.25;2.05;Historical;;
2025;2659.7;[0.5        0.33333333 0.16666667];2698.1;38.4;1474.57;1.44;Historical;;
2026;2659.7;[0.5        0.33333333 0.16666667];2698.1;0;0;0;Forecast;;
2027;2659.7;[0.5        0.33333333 0.16666667];2664.75;0;0;0;Forecast;;
2028;2659.7;[0.5        0.33333333 0.16666667];2673.34;0;0;0;Forecast;;
2029;2659.7;[0.5        0.33333333 0.16666667];2682.86;0;0;0;Forecast;;
2030;2659.7;[0.5        0.33333333 0.16666667];2670.63;0;0;0;Forecast;;
2031;2659.7;[0.5        0.33333333 0.16666667];2676.06;0;0;0;Forecast;;
2032;2659.7;[0.5        0.33333333 0.16666667];2677.65;0;0;0;Forecast;;
2033;2659.7;[0.5        0.33333333 0.16666667];2673.61;0;0;0;Forecast;;
2034;2659.7;[0.5        0.33333333 0.16666667];2676.18;0;0;0;Forecast;;
2035;2659.7;[0.5        0.33333333 0.16666667];2676.06;0;0;0;Forecast;;
2036;2659.7;[0.5        0.33333333 0.16666667];2674.88;0;0;0;Forecast;;
2037;2659.7;[0.5        0.33333333 0.16666667];2675.92;0;0;0;Forecast;;
2038;2659.7;[0.5        0.33333333 0.16666667];2675.64;0;0;0;Forecast;;
2039;2659.7;[0.5        0.33333333 0.16666667];2675.35;0;0;0;Forecast;;
2040;2659.7;[0.5        0.33333333 0.16666667];2675.73;0;0;0;Forecast;;
