Date;Price;Year;WMA_Emas;Error;Deviation Absolute;Square of Error;Percentage Error
01/03/2010;1113.300049;2010;1109.916707;3.3833415;3.3833415;11.44699971;0.303902035
01/04/2010;1180.099976;2010;1147.533346;32.56663017;32.56663017;1060.5854;2.7596501
01/05/2010;1212.199951;2010;1185.016642;27.18330867;27.18330867;738.9322701;2.242477295
01/06/2010;1245.5;2010;1223.49998;22.00002033;22.00002033;484.0008947;1.766360525
01/07/2010;1181.699951;2010;1208.049967;-26.35001633;26.35001633;694.3233608;2.229839843
01/09/2010;1307.800049;2010;1255.383342;52.4167075;52.4167075;2747.511225;4.008006235
01/10/2010;1357.099976;2010;1311.43333;45.6666465;45.6666465;2085.442603;3.365017118
01/11/2010;1385;2010;1362.833334;22.1666665;22.1666665;491.3611037;1.600481336
01/12/2010;1421.099976;2010;1398.399984;22.699992;22.699992;515.2896368;1.597353626
01/01/2011;1333.800049;2011;1371.43335;-37.63330083;37.63330083;1416.265332;2.82150993
01/02/2011;1409.300049;2011;1386.100037;23.20001217;23.20001217;538.2405645;1.646208143
01/03/2011;1438.900024;2011;1411.516703;27.38332083;27.38332083;749.8462599;1.903073207
01/04/2011;1556;2011;1492.516683;63.48331717;63.48331717;4030.131558;4.079904702
01/06/2011;1502.300049;2011;1509.633362;-7.333312833;7.333312833;53.77747711;0.488139026
01/07/2011;1628.300049;2011;1574.250041;54.05000817;54.05000817;2921.403383;3.319413286
01/08/2011;1828.5;2011;1707.400025;121.0999755;121.0999755;14665.20407;6.622913618
01/09/2011;1620.400024;2011;1691.083354;-70.6833295;70.6833295;4996.133069;4.362091363
01/10/2011;1724.199951;2011;1706.983317;17.21663417;17.21663417;296.412492;0.998528863
01/11/2011;1745.5;2011;1717.549988;27.95001233;27.95001233;781.2031894;1.60126109
01/12/2011;1565.800049;2011;1652.100016;-86.29996733;86.29996733;7447.684362;5.511557327
01/02/2012;1709.900024;2012;1667.800028;42.09999567;42.09999567;1772.409635;2.462132
01/03/2012;1669.300049;2012;1665.583374;3.716675;3.716675;13.81367306;0.222648708
01/05/2012;1562.599976;2012;1622.716675;-60.116699;60.116699;3614.017499;3.847222573
01/06/2012;1603.5;2012;1600.833334;2.6666665;2.6666665;7.111110222;0.166302869
01/08/2012;1684.599976;2012;1637.233317;47.36665867;47.36665867;2243.600353;2.811745182
01/09/2012;1771.099976;2012;1714.333313;56.76666267;56.76666267;3222.45399;3.205164216
01/10/2012;1717.5;2012;1729.883321;-12.38332133;12.38332133;153.3466472;0.72100852
01/11/2012;1710.900024;2012;1723.133341;-12.23331733;12.23331733;149.654053;0.715022337
01/12/2012;1674.800049;2012;1693.950033;-19.1499835;19.1499835;366.7218681;1.143419091
01/01/2013;1660.599976;2013;1673.716675;-13.116699;13.116699;172.0477927;0.789877104
01/02/2013;1577.699951;2013;1621.516642;-43.81669133;43.81669133;1919.902439;2.777251232
01/03/2013;1594.800049;2013;1600.066671;-5.266621833;5.266621833;27.73730554;0.330237125
01/04/2013;1472.199951;2013;1530.649984;-58.45003267;58.45003267;3416.406319;3.970250959
01/05/2013;1392.599976;2013;1452.833313;-60.23333717;60.23333717;3628.054906;4.325243301
01/06/2013;1223.800049;2013;1321.466675;-97.666626;97.666626;9538.769834;7.98060321
01/07/2013;1312.400024;2013;1296.233358;16.16666633;16.16666633;261.3611003;1.231839838
01/08/2013;1396.099976;2013;1339.483338;56.6166385;56.6166385;3205.443755;4.055342703
01/10/2013;1323.599976;2013;1345.899984;-22.300008;22.300008;497.2903568;1.684799668
01/11/2013;1250.599976;2013;1299.183309;-48.58333333;48.58333333;2360.340278;3.884802036
01/01/2014;1240.099976;2014;1257.516643;-17.41666667;17.41666667;303.3402778;1.404456657
01/02/2014;1321.400024;2014;1282.5;38.900024;38.900024;1513.211867;2.943849197
01/03/2014;1283.400024;2014;1288.850016;-5.449992;5.449992;29.7024128;0.424652633
01/04/2014;1295.599976;2014;1295.833333;-0.233357333;0.233357333;0.054455645;0.018011527
01/05/2014;1245.599976;2014;1268.566651;-22.96667467;22.96667467;527.4681452;1.84382427
01/07/2014;1281.300049;2014;1271.783346;9.516703167;9.516703167;90.56763916;0.742738063
01/08/2014;1285.800049;2014;1277.600037;8.200012167;8.200012167;67.24019953;0.637736184
01/09/2014;1210.5;2014;1247.400025;-36.9000245;36.9000245;1361.611808;3.048329162
01/10/2014;1171.099976;2014;1203.349996;-32.25002017;32.25002017;1040.063801;2.753822972
01/11/2014;1175.199951;2014;1179.716634;-4.516683167;4.516683167;20.40042683;0.384333165
01/12/2014;1183.900024;2014;1178.866658;5.033365667;5.033365667;25.33476993;0.425151243
01/01/2015;1278.5;2015;1229.75;48.75000017;48.75000017;2376.562516;3.813062195
01/04/2015;1182.400024;2015;1214.683349;-32.28332533;32.28332533;1042.213095;2.730321776
01/05/2015;1189.400024;2015;1201.916687;-12.51666267;12.51666267;156.6668443;1.052350968
01/06/2015;1171.5;2015;1179.283345;-7.783345333;7.783345333;60.58046458;0.664391407
01/07/2015;1094.900024;2015;1136.183349;-41.28332533;41.28332533;1704.312951;3.770510953
01/08/2015;1131.599976;2015;1126.016663;5.583313333;5.583313333;31.17338778;0.493399916
01/09/2015;1115.5;2015;1117.433329;-1.933329333;1.933329333;3.737762311;0.173315046
01/10/2015;1141.5;2015;1131.183329;10.31667067;10.31667067;106.4336936;0.903781924
01/12/2015;1060.300049;2015;1096.566691;-36.26664217;36.26664217;1315.269334;3.420413137
01/01/2016;1116.400024;2016;1101.883362;14.51666233;14.51666233;210.7334853;1.300310106
01/02/2016;1233.900024;2016;1165.800028;68.09999583;68.09999583;4637.609433;5.51908538
01/03/2016;1234.199951;2016;1214.466654;19.73329683;19.73329683;389.4030039;1.598873571
01/04/2016;1289.199951;2016;1261.649963;27.54998783;27.54998783;759.0018296;2.136983314
01/06/2016;1318.400024;2016;1294.633321;23.76670317;23.76670317;564.8561794;1.802692865
01/07/2016;1349;2016;1328.833333;20.16666683;20.16666683;406.6944512;1.494934532
01/08/2016;1306.900024;2016;1322.850016;-15.949992;15.949992;254.4022448;1.220444694
01/09/2016;1313.300049;2016;1317.116699;-3.816650167;3.816650167;14.56681849;0.290615246
01/10/2016;1271.5;2016;1291.333354;-19.83335367;19.83335367;393.3619177;1.559839061
01/11/2016;1170.800049;2016;1228.116699;-57.31665033;57.31665033;3285.198405;4.89551144
01/12/2016;1150;2016;1177.18335;-27.18334967;27.18334967;738.9344991;2.363769536
01/02/2017;1252.599976;2017;1204.766663;47.83331317;47.83331317;2288.025849;3.818722185
01/03/2017;1247.300049;2017;1232.850016;14.4500325;14.4500325;208.8034393;1.158504925
01/04/2017;1266.099976;2017;1257.583334;8.516642333;8.516642333;72.53319663;0.672667443
01/05/2017;1272;2017;1265.916667;6.083333167;6.083333167;37.00694242;0.478249463
01/06/2017;1240.699951;2017;1255.366638;-14.66668717;14.66668717;215.1117124;1.182130067
01/07/2017;1266.599976;2017;1258.866638;7.733337667;7.733337667;59.80451147;0.610558804
01/08/2017;1316.199951;2017;1287.083293;29.11665833;29.11665833;847.7797925;2.212175917
01/09/2017;1281.5;2017;1290.583313;-9.083313;9.083313;82.50657506;0.708803199
01/11/2017;1273.199951;2017;1283.133301;-9.933349667;9.933349667;98.6714356;0.78018772
01/12/2017;1306.300049;2017;1291.133342;15.1667075;15.1667075;230.0290164;1.16104317
01/01/2018;1339;2018;1317.133342;21.8666585;21.8666585;478.150754;1.633058887
01/02/2018;1315.5;2018;1321.800008;-6.300008167;6.300008167;39.6901029;0.47890598
01/03/2018;1322.800049;2018;1323.066691;-0.266642167;0.266642167;0.071098045;0.020157405
01/05/2018;1300.099976;2018;1310.233338;-10.13336167;10.13336167;102.6850187;0.779429417
01/06/2018;1251.300049;2018;1279.483358;-28.183309;28.183309;794.2989062;2.252322217
01/08/2018;1200.300049;2018;1233.93337;-33.63332117;33.63332117;1131.200293;2.80207613
01/09/2018;1191.5;2018;1204.400025;-12.9000245;12.9000245;166.4106321;1.082670961
01/10/2018;1212.300049;2018;1203.366699;8.933349667;8.933349667;79.80473627;0.736892626
01/11/2018;1220.199951;2018;1212.783325;7.416625833;7.416625833;55.00633875;0.607820532
01/12/2018;1278.300049;2018;1247.93335;30.36669933;30.36669933;922.1364284;2.375553326
01/01/2019;1319.699951;2019;1289.31665;30.38330067;30.38330067;923.1449594;2.302288535
01/02/2019;1312.800049;2019;1309.350016;3.450032667;3.450032667;11.9027254;0.262799553
01/03/2019;1293;2019;1304.050008;-11.05000817;11.05000817;122.1026805;0.854602333
01/04/2019;1282.800049;2019;1291.200033;-8.399983667;8.399983667;70.5597256;0.654816288
01/05/2019;1305.800049;2019;1296.000041;9.800008167;9.800008167;96.04016007;0.750498376
01/06/2019;1409.699951;2019;1353.916667;55.78328433;55.78328433;3111.774811;3.957103375
01/07/2019;1426.099976;2019;1400.583313;25.51666283;25.51666283;651.1000822;1.789261851
01/08/2019;1519.099976;2019;1469.866639;49.2333375;49.2333375;2423.921521;3.240954399
01/10/2019;1511.400024;2019;1499.75;11.650024;11.650024;135.7230592;0.770810098
01/11/2019;1465.599976;2019;1489.783325;-24.18334933;24.18334933;584.834385;1.650064801
01/01/2020;1582.900024;2020;1531.883341;51.01668267;51.01668267;2602.70191;3.222988306
01/02/2020;1564.099976;2020;1553.949992;10.149984;10.149984;103.0221752;0.648934477
01/04/2020;1684.199951;2020;1627.283305;56.91664617;56.91664617;3239.504611;3.379447086
01/05/2020;1736.900024;2020;1690.533325;46.366699;46.366699;2149.870776;2.669508801
01/06/2020;1793;2020;1756.166667;36.8333335;36.8333335;1356.694457;2.054285192
01/07/2020;1962.800049;2020;1868.550029;94.2500205;94.2500205;8883.066364;4.80181466
01/08/2020;1967.599976;2020;1936.900004;30.69997167;30.69997167;942.4882603;1.560275058
01/09/2020;1887.5;2020;1926.75;-39.25000017;39.25000017;1540.562513;2.079470208
01/10/2020;1877.400024;2020;1895.800008;-18.399984;18.399984;338.5594112;0.980077968
01/12/2020;1893.099976;2020;1886.933329;6.166646667;6.166646667;38.02753111;0.325743318
01/01/2021;1847.300049;2021;1867.583354;-20.28330483;20.28330483;411.412455;1.097997309
01/02/2021;1728.099976;2021;1795.333334;-67.23335767;67.23335767;4520.324383;3.890594213
01/03/2021;1713.800049;2021;1740.816691;-27.01664233;27.01664233;729.898963;1.576417409
01/04/2021;1767.300049;2021;1742.93337;24.36667883;24.36667883;593.7350374;1.378751664
01/05/2021;1902.5;2021;1825.983358;76.51664217;76.51664217;5854.796528;4.02189972
01/06/2021;1770.800049;2021;1814.116699;-43.31665033;43.31665033;1876.332196;2.446162702
01/07/2021;1812.599976;2021;1813.650004;-1.050028333;1.050028333;1.102559501;0.057929402
01/09/2021;1755.300049;2021;1776.983358;-21.683309;21.683309;470.1658892;1.235304985
01/10/2021;1783;2021;1778.700012;4.299987667;4.299987667;18.48989393;0.241165881
01/11/2021;1773.599976;2021;1773.68333;-0.0833535;0.0833535;0.006947806;0.004699679
01/12/2021;1827.5;2021;1802.116659;25.38334133;25.38334133;644.3140172;1.388965326
01/01/2022;1795;2022;1802.266663;-7.266662667;7.266662667;52.80438631;0.404828004
01/02/2022;1899.400024;2022;1852.616679;46.78334533;46.78334533;2188.681401;2.46305911
01/03/2022;1949.199951;2022;1906.899984;42.2999675;42.2999675;1789.287251;2.170119463
01/04/2022;1909.300049;2022;1920.950012;-11.64996317;11.64996317;135.7216418;0.610169322
01/06/2022;1804.099976;2022;1863.349996;-59.25002017;59.25002017;3510.56489;3.284187182
01/07/2022;1762.900024;2022;1801.033346;-38.1333215;38.1333215;1454.150209;2.163101763
01/08/2022;1712.800049;2022;1744.716695;-31.91664617;31.91664617;1018.672303;1.86341927
01/09/2022;1662.400024;2022;1695.950032;-33.55000833;33.55000833;1125.603059;2.018166978
01/10/2022;1635.900024;2022;1657.550028;-21.65000417;21.65000417;468.7226804;1.323430763
01/11/2022;1746;2022;1695.366679;50.63332133;50.63332133;2563.733229;2.89996113
01/12/2022;1819.699951;2022;1764.49998;55.1999715;55.1999715;3047.036854;3.033465571
01/02/2023;1828.900024;2023;1812.016662;16.88336167;16.88336167;285.0479012;0.923142952
01/03/2023;1969;2023;1897.416667;71.5833335;71.5833335;5124.173635;3.635517191
01/04/2023;1990.099976;2023;1956.199992;33.899984;33.899984;1149.208915;1.703431205
01/05/2023;1963.900024;2023;1973.483337;-9.583313333;9.583313333;91.83989444;0.487973584
01/06/2023;1921.099976;2023;1946.866659;-25.76668267;25.76668267;663.9219356;1.341246317
01/07/2023;1970.5;2023;1952.933329;17.56667067;17.56667067;308.5879183;0.891482906
01/08/2023;1938.199951;2023;1946.116638;-7.916687167;7.916687167;62.67393569;0.408455648
01/09/2023;1848.099976;2023;1898.533305;-50.433329;50.433329;2543.520674;2.728928611
01/11/2023;2038.099976;2023;1958.116639;79.9833375;79.9833375;6397.334278;3.924406969
01/12/2023;2062.399902;2023;2018.583272;43.81662967;43.81662967;1919.897035;2.12454576
01/01/2024;2048.399902;2024;2051.349914;-2.950012333;2.950012333;8.702572767;0.14401545
01/02/2024;2045.699951;2024;2049.38326;-3.683308833;3.683308833;13.56676396;0.180051274
01/03/2024;2217.399902;2024;2131.999918;85.39998367;85.39998367;7293.15721;3.851356879
01/04/2024;2291.399902;2024;2225.783244;65.6166585;65.6166585;4305.545873;2.863605713
01/05/2024;2322.899902;2024;2294.816569;28.08333333;28.08333333;788.6736111;1.208977335
01/06/2024;2327.699951;2024;2320.049927;7.6500245;7.6500245;58.52287485;0.328651659
01/07/2024;2426.5;2024;2376.299967;50.20003267;50.20003267;2520.04328;2.068824754
01/08/2024;2493.800049;2024;2443.68335;50.11669933;50.11669933;2511.683552;2.009651871
01/10/2024;2738.300049;2024;2604.833374;133.4666748;133.4666748;17813.35329;4.874070498
01/11/2024;2657;2024;2656.900025;0.0999755;0.0999755;0.009995101;0.003762721
01/01/2025;2659.699951;2025;2671.899984;-12.20003267;12.20003267;148.8407971;0.458699586
